data;temp;
2019-02-20;23.1;
2019-02-21;22.9;
2019-02-22;24.2;
2019-02-23;26.1;
2019-02-24;26.2;
2019-02-25;18.4;
2019-02-26;18;
2019-02-27;20.1;
2019-02-28;20.2;
2019-03-01;21.2;
2019-03-02;23.2;
2019-03-03;23.8;
2019-03-04;25.1;
2019-03-05;25.6;
2019-03-06;24.2;
2019-03-07;21.4;
2019-03-08;22.1;
2019-03-09;19.7;
2019-03-10;20.4;
2019-03-11;20.7;
2019-03-12;19.4;
2019-03-13;20.7;
2019-03-14;21.1;
2019-03-15;21.1;
2019-03-16;23.2;
2019-03-17;20.9;
2019-03-18;19.5;
2019-03-19;19.5;
2019-03-20;18.6;
2019-03-21;17;
2019-03-22;18.8;
2019-03-23;20.4;
2019-03-24;21.9;
2019-03-25;21.1;
2019-03-26;20.1;
2019-03-27;19.5;
2019-03-28;21.2;
2019-03-29;21.6;
2019-03-30;22.3;
2019-03-31;22.8;
2019-04-01;23.8;
2019-04-02;23.2;
2019-04-03;22.1;
2019-04-04;23.7;
2019-04-05;20.6;
2019-04-06;16.8;
2019-04-07;18.5;
2019-04-08;19.5;
2019-04-09;19.7;
2019-04-10;20.2;
2019-04-11;21.1;
2019-04-12;21.3;
2019-04-13;22.2;
2019-04-14;23.2;
2019-04-15;23.6;
2019-04-16;21.3;
2019-04-17;19.1;
2019-04-18;18.6;
2019-04-19;20.9;
2019-04-20;19.4;
2019-04-21;17.6;
2019-04-22;19.9;
2019-04-23;20.7;
2019-04-24;21.5;
2019-04-25;21.4;
2019-04-26;21.7;
2019-04-27;20.6;
2019-04-28;17.7;
2019-04-29;17.3;
2019-04-30;18.1;
2019-05-01;18.9;
2019-05-02;20;
2019-05-03;21.7;
2019-05-04;23.6;
2019-05-05;23.3;
2019-05-06;20.4;
2019-05-07;19.4;
2019-05-08;20.2;
2019-05-09;20.2;
2019-05-10;19.2;
2019-05-11;17.1;
2019-05-12;17.4;
2019-05-13;16.1;
2019-05-14;12.7;
2019-05-15;14.3;
2019-05-16;16.1;
2019-05-17;15.8;
2019-05-18;16.8;
2019-05-19;18.1;
2019-05-20;18;
2019-05-21;18;
2019-05-22;17.3;
2019-05-23;16.3;
2019-05-24;13.5;
2019-05-25;12.3;
2019-05-26;15;
2019-05-27;18.8;
2019-05-28;18.8;
2019-05-29;18.1;
2019-05-30;18.4;
2019-05-31;18.3;
2019-06-01;17;
2019-06-02;16.7;
2019-06-03;14.9;
2019-06-04;13.7;
2019-06-05;13.5;
2019-06-06;15.6;
2019-06-07;18;
2019-06-08;18.3;
2019-06-09;19.2;
2019-06-10;18.8;
2019-06-11;18;
2019-06-12;20.2;
2019-06-13;21.4;
2019-06-14;21.7;
2019-06-15;21.5;
2019-06-16;21.4;
2019-06-17;19.9;
2019-06-18;19.2;
2019-06-19;16.2;
2019-06-20;13;
2019-06-21;16.7;
2019-06-22;18.8;
2019-06-23;18.7;
2019-06-24;19.1;
2019-06-25;19.7;
2019-06-26;8.7;
2019-06-27;13.8;
2019-06-28;20.6;
2019-06-29;23.2;
2019-06-30;21.4;
2019-07-01;14.7;
2019-07-02;12.6;
2019-07-03;13.1;
2019-07-04;8;
2019-07-05;5.6;
2019-07-06;3.2;
2019-07-07;5.8;
2019-07-08;10.3;
2019-07-09;13.7;
2019-07-10;15.7;
2019-07-11;17.3;
2019-07-12;19.5;
2019-07-13;20.3;
2019-07-14;17.1;
2019-07-15;14.6;
2019-07-16;9.2;
2019-07-17;11;
2019-07-18;13.4;
2019-07-19;14.3;
2019-07-20;17.3;
2019-07-21;19.5;
2019-07-22;21.8;
2019-07-23;21.3;
2019-07-24;20.2;
2019-07-25;18.9;
2019-07-26;14.1;
2019-07-27;9.1;
2019-07-28;13.5;
2019-07-29;16.9;
2019-07-30;17.4;
2019-07-31;18.3;
2019-08-01;20.1;
2019-08-02;10.1;
2019-08-03;6.2;
2019-08-04;7.6;
2019-08-05;10.3;
2019-08-06;17.2;
2019-08-07;20.7;
2019-08-08;21.7;
2019-08-09;22.2;
2019-08-10;14.3;
2019-08-11;null;
2019-08-12;null;
2019-08-13;12;
2019-08-14;7.4;
2019-08-15;12.8;
2019-08-16;19.7;
2019-08-17;21.2;
2019-08-18;20.1;
2019-08-19;11.4;
2019-08-20;14.1;
2019-08-21;13.3;
2019-08-22;15;
2019-08-23;13.6;
2019-08-24;13.7;
2019-08-25;15.7;
2019-08-26;15.8;
2019-08-27;18.7;
2019-08-28;20.3;
2019-08-29;22.6;
2019-08-30;24.2;
2019-08-31;17.2;
2019-09-01;14.3;
2019-09-02;13.6;
2019-09-03;15.3;
2019-09-04;14.5;
2019-09-05;13.4;
2019-09-06;15.7;
2019-09-07;22.9;
2019-09-08;27.1;
2019-09-09;28.3;
2019-09-10;25.9;
2019-09-11;25;
2019-09-12;16.7;
2019-09-13;15.3;
2019-09-14;19;
2019-09-15;25.6;
2019-09-16;28.7;
2019-09-17;24.1;
2019-09-18;16.7;
2019-09-19;17.4;
2019-09-20;17.4;
2019-09-21;16.2;
2019-09-22;16.4;
2019-09-23;15.8;
2019-09-24;14.8;
2019-09-25;17.3;
2019-09-26;19.2;
2019-09-27;19.3;
2019-09-28;20.3;
2019-09-29;22.9;
2019-09-30;24;
2019-10-01;26.8;
2019-10-02;26.1;
2019-10-03;19.8;
2019-10-04;21.6;
2019-10-05;18;
2019-10-06;15;
2019-10-07;18.4;
2019-10-08;20.7;
2019-10-09;21.8;
2019-10-10;23.8;
2019-10-11;26.4;
2019-10-12;28.4;
2019-10-13;26.1;
2019-10-14;23.2;
2019-10-15;18.2;
2019-10-16;18.9;
2019-10-17;23;
2019-10-18;20.5;
2019-10-19;20.5;
2019-10-20;19.1;
2019-10-21;17.5;
2019-10-22;16.1;
2019-10-23;19.7;
2019-10-24;22.4;
2019-10-25;22.8;
2019-10-26;24.4;
2019-10-27;23.4;
2019-10-28;20.2;
2019-10-29;24.5;
2019-10-30;26.4;
2019-10-31;20.1;
2019-11-01;23.6;
2019-11-02;25.5;
2019-11-03;23.6;
2019-11-04;24.6;
2019-11-05;20.2;
2019-11-06;21.7;
2019-11-07;20.6;
2019-11-08;21.3;
2019-11-09;23.8;
2019-11-10;21.9;
2019-11-11;23.2;
2019-11-12;23.4;
2019-11-13;20.4;
2019-11-14;20;
2019-11-15;20.5;
2019-11-16;21;
2019-11-17;22.4;
2019-11-18;24.1;
2019-11-19;24.9;
2019-11-20;25.8;
2019-11-21;26;
2019-11-22;25.9;
2019-11-23;22.7;
2019-11-24;20.5;
2019-11-25;22.1;
2019-11-26;20.8;
2019-11-27;20.2;
2019-11-28;19.6;
2019-11-29;22.6;
2019-11-30;24.6;
2019-12-01;23.7;
2019-12-02;21.6;
2019-12-03;21.7;
2019-12-04;21;
2019-12-05;19.9;
2019-12-06;19.6;
2019-12-07;21.4;
2019-12-08;22.5;
2019-12-09;21.7;
2019-12-10;23.4;
2019-12-11;24.1;
2019-12-12;22.7;
2019-12-13;23.3;
2019-12-14;24.5;
2019-12-15;24;
2019-12-16;19.2;
2019-12-17;19.5;
2019-12-18;20.6;
2019-12-19;22.3;
2019-12-20;23.1;
2019-12-21;20.3;
2019-12-22;19;
2019-12-23;20;
2019-12-24;22.6;
2019-12-25;25.6;
2019-12-26;27.1;
2019-12-27;27.6;
2019-12-28;27.2;
2019-12-29;26.9;
2019-12-30;26.2;
2019-12-31;25.7;
2020-01-01;23.8;
2020-01-02;23.4;
2020-01-03;22.4;
2020-01-04;23.5;
2020-01-05;22.9;
2020-01-06;24.5;
2020-01-07;25.2;
2020-01-08;26.5;
2020-01-09;26.6;
2020-01-10;25.2;
2020-01-11;23.7;
2020-01-12;25.8;
2020-01-13;26.1;
2020-01-14;25.1;
2020-01-15;24.1;
2020-01-16;22;
2020-01-17;20.1;
2020-01-18;23;
2020-01-19;24.8;
2020-01-20;25.1;
2020-01-21;23.2;
2020-01-22;19.6;
2020-01-23;20.3;
2020-01-24;21.5;
2020-01-25;23.4;
2020-01-26;24.7;
2020-01-27;25.4;
2020-01-28;25;
2020-01-29;22.6;
2020-01-30;20.2;
2020-01-31;22.2;
2020-02-01;23.5;
2020-02-02;22.5;
2020-02-03;22;
2020-02-04;23.7;
2020-02-05;24.6;
2020-02-06;25.3;
2020-02-07;24.3;
2020-02-08;24.2;
2020-02-09;23.6;
2020-02-10;21.4;
2020-02-11;22.6;
2020-02-12;22.3;
2020-02-13;22.9;
2020-02-14;23.3;
2020-02-15;22.1;
2020-02-16;22.2;
2020-02-17;26;
2020-02-18;25.5;
2020-02-19;23.6;
2020-02-20;23.4;
2020-02-21;20.7;
2020-02-22;16.8;
2020-02-23;20;
2020-02-24;23.8;
2020-02-25;22.1;
2020-02-26;20.5;
2020-02-27;18.7;
2020-02-28;20.8;
2020-02-29;22.3;
2020-03-01;21.7;
2020-03-02;21;
2020-03-03;20.8;
2020-03-04;22;
2020-03-05;21.8;
2020-03-06;22.6;
2020-03-07;22.9;
2020-03-08;21.9;
2020-03-09;24.5;
2020-03-10;25.2;
2020-03-11;25.5;
2020-03-12;26.1;
2020-03-13;27.4;
2020-03-14;27.7;
2020-03-15;27.2;
2020-03-16;26.4;
2020-03-17;26.6;
2020-03-18;22.9;
2020-03-19;21.1;
2020-03-20;20.5;
2020-03-21;21.1;
2020-03-22;23.2;
2020-03-23;23;
2020-03-24;22;
2020-03-25;22;
2020-03-26;22.4;
2020-03-27;22.8;
2020-03-28;22.4;
2020-03-29;23.4;
2020-03-30;23.7;
2020-03-31;24.8;
2020-04-01;25.3;
2020-04-02;22;
2020-04-03;14.8;
2020-04-04;16.6;
2020-04-05;21;
2020-04-06;19.5;
2020-04-07;16.6;
2020-04-08;14.6;
2020-04-09;14.9;
2020-04-10;15.3;
2020-04-11;16.5;
2020-04-12;18.8;
2020-04-13;20.5;
2020-04-14;16;
2020-04-15;12.1;
2020-04-16;14.2;
2020-04-17;15.7;
2020-04-18;17.4;
2020-04-19;18.2;
2020-04-20;18.6;
2020-04-21;20;
2020-04-22;20.1;
2020-04-23;20.3;
2020-04-24;20.3;
2020-04-25;22.2;
2020-04-26;24.1;
2020-04-27;21.5;
2020-04-28;21.7;
2020-04-29;22.1;
2020-04-30;22.1;
2020-05-01;17.8;
2020-05-02;16;
2020-05-03;15.4;
2020-05-04;18.7;
2020-05-05;16;
2020-05-06;12.7;
2020-05-07;9.8;
2020-05-08;12.4;
2020-05-09;15.6;
2020-05-10;19.2;
2020-05-11;21.4;
2020-05-12;19.7;
2020-05-13;16.7;
2020-05-14;14.9;
2020-05-15;12.2;
2020-05-16;12.6;
2020-05-17;15.5;
2020-05-18;18.1;
2020-05-19;18.8;
2020-05-20;19.9;
2020-05-21;21.8;
2020-05-22;18.2;
2020-05-23;11.4;
2020-05-24;11.2;
2020-05-25;11.4;
2020-05-26;10.3;
2020-05-27;11.7;
2020-05-28;15;
2020-05-29;15.7;
2020-05-30;15.9;
2020-05-31;16.7;
2020-06-01;12.6;
2020-06-02;10.8;
2020-06-03;11.3;
2020-06-04;14.4;
2020-06-05;15.4;
2020-06-06;10.5;
2020-06-07;13.1;
2020-06-08;14.3;
2020-06-09;18.9;
2020-06-10;18.9;
2020-06-11;20.9;
2020-06-12;22;
2020-06-13;17.4;
2020-06-14;11;
2020-06-15;16;
2020-06-16;18.1;
2020-06-17;19.6;
2020-06-18;20.7;
2020-06-19;21.2;
2020-06-20;21.9;
2020-06-21;22;
2020-06-22;21.3;
2020-06-23;21.6;
2020-06-24;21;
2020-06-25;17.3;
2020-06-26;9.4;
2020-06-27;11;
2020-06-28;12.2;
2020-06-29;11.8;
2020-06-30;15.8;
2020-07-01;8.6;
2020-07-02;7.7;
2020-07-03;6.6;
2020-07-04;12.5;
2020-07-05;18.6;
2020-07-06;17.1;
2020-07-07;19;
2020-07-08;12.2;
2020-07-09;9;
2020-07-10;12.3;
2020-07-11;18.8;
2020-07-12;20;
2020-07-13;16.7;
2020-07-14;11.2;
2020-07-15;9.6;
2020-07-16;16;
2020-07-17;17.7;
2020-07-18;22;
2020-07-19;21.7;
2020-07-20;19.9;
2020-07-21;19.9;
2020-07-22;20.2;
2020-07-23;20.1;
2020-07-24;21.6;
2020-07-25;10.1;
2020-07-26;9.9;
2020-07-27;19.2;
2020-07-28;14.6;
2020-07-29;8.2;
2020-07-30;9.8;
2020-07-31;13.3;
2020-08-01;16.9;
2020-08-02;18.8;
2020-08-03;17.6;
2020-08-04;17.7;
2020-08-05;17.3;
2020-08-06;18.1;
2020-08-07;17.9;
2020-08-08;17.8;
2020-08-09;18.8;
2020-08-10;20.1;
2020-08-11;19.5;
2020-08-12;13.2;
2020-08-13;16.3;
2020-08-14;15.3;
2020-08-15;15.6;
2020-08-16;15.1;
2020-08-17;16.7;
2020-08-18;17;
2020-08-19;16.5;
2020-08-20;9.2;
2020-08-21;5.3;
2020-08-22;8.6;
2020-08-23;13.6;
2020-08-24;15.8;
2020-08-25;19;
2020-08-26;21.6;
2020-08-27;24.3;
2020-08-28;24.8;
2020-08-29;25;
2020-08-30;22.9;
2020-08-31;19.2;
2020-09-01;20.1;
2020-09-02;21.2;
2020-09-03;18.3;
2020-09-04;18;
2020-09-05;24;
2020-09-06;21.5;
2020-09-07;16.3;
2020-09-08;17.7;
2020-09-09;21.2;
2020-09-10;22.7;
2020-09-11;24.9;
2020-09-12;25.5;
2020-09-13;25.4;
2020-09-14;20.3;
2020-09-15;15.1;
2020-09-16;16.9;
2020-09-17;17.5;
2020-09-18;19.4;
2020-09-19;19.9;
2020-09-20;15.7;
2020-09-21;13.8;
2020-09-22;16.7;
2020-09-23;18.8;
2020-09-24;21.1;
2020-09-25;23.3;
2020-09-26;26.6;
2020-09-27;25.4;
2020-09-28;17.8;
2020-09-29;21.3;
2020-09-30;28.3;
2020-10-01;28.7;
2020-10-02;29.9;
2020-10-03;21;
2020-10-04;20.6;
2020-10-05;22.1;
2020-10-06;21.9;
2020-10-07;25.2;
2020-10-08;19.7;
2020-10-09;17.1;
2020-10-10;17;
2020-10-11;19.8;
2020-10-12;23.2;
2020-10-13;21.9;
2020-10-14;20.9;
2020-10-15;20.9;
2020-10-16;21.5;
2020-10-17;20;
2020-10-18;21.6;
2020-10-19;23.8;
2020-10-20;25.2;
2020-10-21;26;
2020-10-22;24.7;
2020-10-23;24.1;
2020-10-24;24;
2020-10-25;24.7;
2020-10-26;22.2;
2020-10-27;18.2;
2020-10-28;21.1;
2020-10-29;20;
2020-10-30;18.3;
2020-10-31;18.6;
2020-11-01;17.7;
2020-11-02;19.4;
2020-11-03;20.6;
2020-11-04;18.4;
2020-11-05;17.4;
2020-11-06;21.1;
2020-11-07;24.9;
2020-11-08;26.7;
2020-11-09;20.7;
2020-11-10;21.4;
2020-11-11;22;
2020-11-12;20.9;
2020-11-13;23.1;
2020-11-14;26.4;
2020-11-15;23.8;
2020-11-16;20.9;
2020-11-17;20.9;
2020-11-18;18;
2020-11-19;19.8;
2020-11-20;20.9;
2020-11-21;21.6;
2020-11-22;23.9;
2020-11-23;25.4;
2020-11-24;25.9;
2020-11-25;28.2;
2020-11-26;23.2;
2020-11-27;22.4;
2020-11-28;25.5;
2020-11-29;19.3;
2020-11-30;19.9;
2020-12-01;23.7;
2020-12-02;24.9;
2020-12-03;20.9;
2020-12-04;22.1;
2020-12-05;18.9;
2020-12-06;18.9;
2020-12-07;21.7;
2020-12-08;23.6;
2020-12-09;24.8;
2020-12-10;25.7;
2020-12-11;27;
2020-12-12;26.5;
2020-12-13;23.8;
2020-12-14;22.2;
2020-12-15;24.6;
2020-12-16;24.2;
2020-12-17;23.8;
2020-12-18;26;
2020-12-19;24.5;
2020-12-20;20.2;
2020-12-21;22.2;
2020-12-22;22.7;
2020-12-23;24.7;
2020-12-24;25.7;
2020-12-25;24.5;
2020-12-26;24.1;
2020-12-27;24.2;
2020-12-28;23.1;
2020-12-29;24.2;
2020-12-30;24;
2020-12-31;23.1;
2021-01-01;null;
2021-01-02;null;
2021-01-03;null;
2021-01-04;null;
2021-01-05;21.9;
2021-01-06;22.7;
2021-01-07;23.5;
2021-01-08;24.3;
2021-01-09;23.7;
2021-01-10;24.5;
2021-01-11;27;
2021-01-12;25.4;
2021-01-13;24.1;
2021-01-14;23.7;
2021-01-15;24.9;
2021-01-16;24;
2021-01-17;22.4;
2021-01-18;21.4;
2021-01-19;20.3;
2021-01-20;21.4;
2021-01-21;20.9;
2021-01-22;19.4;
2021-01-23;22.1;
2021-01-24;22.2;
2021-01-25;21;
2021-01-26;21.9;
2021-01-27;23.4;
2021-01-28;22.1;
2021-01-29;22.1;
2021-01-30;23.1;
2021-01-31;20.2;
2021-02-01;22.1;
2021-02-02;23.5;
2021-02-03;24.8;
2021-02-04;21.4;
2021-02-05;18.8;
2021-02-06;18.9;
2021-02-07;21.7;
2021-02-08;23.1;
2021-02-09;21.4;
2021-02-10;21.5;
2021-02-11;21.1;
2021-02-12;19.1;
2021-02-13;21.1;
2021-02-14;22.2;
2021-02-15;20;
2021-02-16;20.6;
2021-02-17;20.8;
2021-02-18;20.1;
2021-02-19;20.9;
2021-02-20;22.9;
2021-02-21;24.8;
2021-02-22;25.7;
2021-02-23;25.4;
2021-02-24;23;
2021-02-25;23.5;
2021-02-26;22.9;
2021-02-27;22.7;
2021-02-28;22.2;
2021-03-01;22.9;
2021-03-02;22.8;
2021-03-03;22.2;
2021-03-04;20.7;
2021-03-05;20.3;
2021-03-06;20.8;
2021-03-07;21.8;
2021-03-08;22.6;
2021-03-09;21.4;
2021-03-10;20.3;
2021-03-11;20.9;
2021-03-12;22;
2021-03-13;23.4;
2021-03-14;24.4;
2021-03-15;25.3;
2021-03-16;25.9;
2021-03-17;23.2;
2021-03-18;21.5;
2021-03-19;22.6;
2021-03-20;24.5;
2021-03-21;23.8;
2021-03-22;24.7;
2021-03-23;24.4;
2021-03-24;24.4;
2021-03-25;24.9;
2021-03-26;22.5;
2021-03-27;21;
2021-03-28;21.2;
2021-03-29;18.5;
2021-03-30;16.9;
2021-03-31;17.3;
2021-04-01;17.4;
2021-04-02;19.7;
2021-04-03;21.3;
2021-04-04;21.2;
2021-04-05;21.3;
2021-04-06;21.2;
2021-04-07;21.7;
2021-04-08;22.6;
2021-04-09;23.9;
2021-04-10;24.8;
2021-04-11;23.8;
2021-04-12;19.2;
2021-04-13;19.8;
2021-04-14;19.9;
2021-04-15;20;
2021-04-16;17.7;
2021-04-17;19.3;
2021-04-18;19.7;
2021-04-19;20.3;
2021-04-20;20;
2021-04-21;19.5;
2021-04-22;19.6;
2021-04-23;19.8;
2021-04-24;18.1;
2021-04-25;16.5;
2021-04-26;15.7;
2021-04-27;15.1;
2021-04-28;15.1;
2021-04-29;16.2;
2021-04-30;17.6;
2021-05-01;19;
2021-05-02;20.7;
2021-05-03;22.8;
2021-05-04;23.8;
2021-05-05;20.9;
2021-05-06;14.1;
2021-05-07;11.5;
2021-05-08;13.4;
2021-05-09;16.2;
2021-05-10;18.6;
2021-05-11;16;
2021-05-12;13;
2021-05-13;12.7;
2021-05-14;14.7;
2021-05-15;14.8;
2021-05-16;16.4;
2021-05-17;16.2;
2021-05-18;14.8;
2021-05-19;15.5;
2021-05-20;18.3;
2021-05-21;20.4;
2021-05-22;16.3;
2021-05-23;11.4;
2021-05-24;9.2;
2021-05-25;11.5;
2021-05-26;13.6;
2021-05-27;17.3;
2021-05-28;21.3;
2021-05-29;19.2;
2021-05-30;13.5;
2021-05-31;12.7;
2021-06-01;14.6;
2021-06-02;16.5;
2021-06-03;17.2;
2021-06-04;20.5;
2021-06-05;22.4;
2021-06-06;14.9;
2021-06-07;15.9;
2021-06-08;14.9;
2021-06-09;17.2;
2021-06-10;16.3;
2021-06-11;14.1;
2021-06-12;11.7;
2021-06-13;12.8;
2021-06-14;14.7;
2021-06-15;13.6;
2021-06-16;11.2;
2021-06-17;9.2;
2021-06-18;11.7;
2021-06-19;12.7;
2021-06-20;12.1;
2021-06-21;10.9;
2021-06-22;14;
2021-06-23;15.1;
2021-06-24;16.2;
2021-06-25;14.9;
2021-06-26;21.2;
2021-06-27;11.8;
2021-06-28;5.1;
2021-06-29;3.3;
2021-06-30;4.6;
2021-07-01;8.8;
2021-07-02;12.8;
2021-07-03;11.3;
2021-07-04;11.2;
2021-07-05;15.4;
2021-07-06;14.4;
2021-07-07;14.8;
2021-07-08;15.4;
2021-07-09;13.9;
2021-07-10;16;
2021-07-11;17.2;
2021-07-12;17.2;
2021-07-13;20;
2021-07-14;19.5;
2021-07-15;16.3;
2021-07-16;12.5;
2021-07-17;12.9;
2021-07-18;6.8;
2021-07-19;5.6;
2021-07-20;7.1;
2021-07-21;12.7;
2021-07-22;16.5;
2021-07-23;18.4;
2021-07-24;20.1;
2021-07-25;20.8;
2021-07-26;22.6;
2021-07-27;12.5;
2021-07-28;3.9;
2021-07-29;3.4;
2021-07-30;6.4;
2021-07-31;10.6;
2021-08-01;13.5;
2021-08-02;13.5;
2021-08-03;12.1;
2021-08-04;13.1;
2021-08-05;15.5;
2021-08-06;17.2;
2021-08-07;19.5;
2021-08-08;20.4;
2021-08-09;21.3;
2021-08-10;15.8;
2021-08-11;13;
2021-08-12;11.1;
2021-08-13;13.4;
2021-08-14;15.1;
2021-08-15;17.2;
2021-08-16;19.8;
2021-08-17;22.5;
2021-08-18;25.5;
2021-08-19;25.6;
2021-08-20;24.8;
2021-08-21;null;
2021-08-22;null;
2021-08-23;null;
2021-08-24;null;
2021-08-25;null;
2021-08-26;null;
2021-08-27;null;
2021-08-28;15.6;
2021-08-29;18;
2021-08-30;18.4;
2021-08-31;19.8;
2021-09-01;20.1;
2021-09-02;null;
2021-09-03;null;
2021-09-04;null;
2021-09-05;null;
2021-09-06;null;
2021-09-07;null;
2021-09-08;null;
2021-09-09;null;
2021-09-10;null;
2021-09-11;null;
2021-09-12;null;
2021-09-13;null;
2021-09-14;null;
2021-09-15;null;
2021-09-16;null;
2021-09-17;null;
2021-09-18;null;
2021-09-19;null;
2021-09-20;null;
2021-09-21;null;
2021-09-22;null;
2021-09-23;null;
2021-09-24;null;
2021-09-25;null;
2021-09-26;null;
2021-09-27;null;
2021-09-28;null;
2021-09-29;20.8;
2021-09-30;20.3;
2021-10-01;19.9;
2021-10-02;19.1;
2021-10-03;17.5;
2021-10-04;17.4;
2021-10-05;17.1;
2021-10-06;19.3;
2021-10-07;18.3;
2021-10-08;18.1;
2021-10-09;16.9;
2021-10-10;19.1;
2021-10-11;19.4;
2021-10-12;20.4;
2021-10-13;22.6;
2021-10-14;22.3;
2021-10-15;18.5;
2021-10-16;16.6;
2021-10-17;17.1;
2021-10-18;17.8;
2021-10-19;17.9;
2021-10-20;17.9;
2021-10-21;18.7;
2021-10-22;21.1;
2021-10-23;16.9;
2021-10-24;16.2;
2021-10-25;18;
2021-10-26;22.1;
2021-10-27;23.3;
2021-10-28;22.4;
2021-10-29;21.9;
2021-10-30;21.8;
2021-10-31;21.4;
2021-11-01;22.1;
2021-11-02;23.6;
2021-11-03;22.3;
2021-11-04;23.7;
2021-11-05;24.3;
2021-11-06;21.4;
2021-11-07;22.7;
2021-11-08;23.9;
2021-11-09;22.8;
2021-11-10;22;
2021-11-11;21.9;
2021-11-12;21.2;
2021-11-13;21.4;
2021-11-14;20.6;
2021-11-15;23.7;
2021-11-16;25.8;
2021-11-17;21.6;
2021-11-18;19.2;
2021-11-19;19.6;
2021-11-20;21.3;
2021-11-21;23.7;
2021-11-22;25.9;
2021-11-23;25.8;
2021-11-24;25.2;
2021-11-25;26.1;
2021-11-26;20.3;
2021-11-27;20.9;
2021-11-28;21.9;
2021-11-29;20.3;
2021-11-30;20.6;
2021-12-01;22.3;
2021-12-02;23.8;
2021-12-03;23.6;
2021-12-04;24.1;
2021-12-05;25.6;
2021-12-06;22.7;
2021-12-07;20.9;
2021-12-08;20.6;
2021-12-09;22;
2021-12-10;24.1;
2021-12-11;24.8;
2021-12-12;23.7;
2021-12-13;25.8;
2021-12-14;25;
2021-12-15;26.2;
2021-12-16;27.2;
2021-12-17;26.5;
2021-12-18;26.5;
2021-12-19;25.3;
2021-12-20;25.5;
2021-12-21;26.6;
2021-12-22;26.5;
2021-12-23;22.8;
2021-12-24;23.8;
2021-12-25;25.4;
2021-12-26;27.1;
2021-12-27;26.7;
2021-12-28;26.9;
2021-12-29;25.4;
2021-12-30;22.3;
2021-12-31;23.5;
2022-01-01;26.8;
2022-01-02;28.8;
2022-01-03;22.4;
2022-01-04;22.5;
2022-01-05;22.1;
2022-01-06;21.7;
2022-01-07;23.1;
2022-01-08;22.5;
2022-01-09;21.4;
2022-01-10;22.5;
2022-01-11;25.1;
2022-01-12;26.8;
2022-01-13;25.1;
2022-01-14;24.9;
2022-01-15;25.2;
2022-01-16;26.7;
2022-01-17;28.1;
2022-01-18;28;
2022-01-19;27.1;
2022-01-20;28.5;
2022-01-21;28.6;
2022-01-22;28.8;
2022-01-23;29.2;
2022-01-24;26.6;
2022-01-25;26.7;
2022-01-26;26;
2022-01-27;22.2;
2022-01-28;19.2;
2022-01-29;18.1;
2022-01-30;21.1;
2022-01-31;22.4;
2022-02-01;24.9;
2022-02-02;26.1;
2022-02-03;27.2;
2022-02-04;22.6;
2022-02-05;22.2;
2022-02-06;21.6;
2022-02-07;19.7;
2022-02-08;20.5;
2022-02-09;22.8;
2022-02-10;23.8;
2022-02-11;24.1;
2022-02-12;24.7;
2022-02-13;24.2;
2022-02-14;23.7;
2022-02-15;24.9;
2022-02-16;26.1;
2022-02-17;25.4;
2022-02-18;23.6;
2022-02-19;24.3;
2022-02-20;25.9;
2022-02-21;22.5;
2022-02-22;24.5;
2022-02-23;25.3;
2022-02-24;26.2;
2022-02-25;21.4;
2022-02-26;24.3;
2022-02-27;27.1;
2022-02-28;26.4;
2022-03-01;24;
2022-03-02;23.4;
2022-03-03;24.2;
2022-03-04;24.1;
2022-03-05;25.7;
2022-03-06;27.1;
2022-03-07;27.4;
2022-03-08;24.3;
2022-03-09;23.9;
2022-03-10;23.6;
2022-03-11;20.2;
2022-03-12;17.9;
2022-03-13;19.4;
2022-03-14;20.2;
2022-03-15;20.1;
2022-03-16;20.6;
2022-03-17;23.8;
2022-03-18;23.4;
2022-03-19;20.4;
2022-03-20;19.2;
2022-03-21;20.6;
2022-03-22;22.4;
2022-03-23;19.2;
2022-03-24;19;
2022-03-25;17.2;
2022-03-26;17.5;
2022-03-27;18.9;
2022-03-28;20.7;
2022-03-29;24.2;
2022-03-30;19.4;
2022-03-31;13.2;
2022-04-01;14.5;
2022-04-02;18.2;
2022-04-03;19.4;
2022-04-04;19.7;
2022-04-05;20.1;
2022-04-06;21.9;
2022-04-07;19.7;
2022-04-08;19.4;
2022-04-09;19.4;
2022-04-10;18.8;
2022-04-11;19;
2022-04-12;18.9;
2022-04-13;20.5;
2022-04-14;17.4;
2022-04-15;14.1;
2022-04-16;15.4;
2022-04-17;16.1;
2022-04-18;17.3;
2022-04-19;18;
2022-04-20;19;
2022-04-21;18;
2022-04-22;15.3;
2022-04-23;16.4;
2022-04-24;18.5;
2022-04-25;23.2;
2022-04-26;23.7;
2022-04-27;25.7;
2022-04-28;23.4;
2022-04-29;17.9;
2022-04-30;18.8;
2022-05-01;20.3;
2022-05-02;18.6;
2022-05-03;15.9;
2022-05-04;14.3;
2022-05-05;15.5;
2022-05-06;14.3;
2022-05-07;14.8;
2022-05-08;15.1;
2022-05-09;16.6;
2022-05-10;16.9;
2022-05-11;15.5;
2022-05-12;13.7;
2022-05-13;14.8;
2022-05-14;15.4;
2022-05-15;14.9;
2022-05-16;10.6;
2022-05-17;7.4;
2022-05-18;7.8;
2022-05-19;9.9;
2022-05-20;9.9;
2022-05-21;11.9;
2022-05-22;12.6;
2022-05-23;15.5;
2022-05-24;17.9;
2022-05-25;19.7;
2022-05-26;17.5;
2022-05-27;16.1;
2022-05-28;15.6;
2022-05-29;16.4;
2022-05-30;13.9;
2022-05-31;9.3;
2022-06-01;11.3;
2022-06-02;10.3;
2022-06-03;9;
2022-06-04;12.5;
2022-06-05;16.5;
2022-06-06;16.6;
2022-06-07;15.3;
2022-06-08;15.3;
2022-06-09;13.8;
2022-06-10;13.4;
2022-06-11;6.1;
2022-06-12;6.3;
2022-06-13;8.8;
2022-06-14;11.4;
2022-06-15;13.2;
2022-06-16;18.9;
2022-06-17;17.9;
2022-06-18;9.1;
2022-06-19;9.5;
2022-06-20;14.4;
2022-06-21;18.1;
2022-06-22;18.5;
2022-06-23;18.2;
2022-06-24;19.4;
2022-06-25;16.5;
2022-06-26;14;
2022-06-27;17.2;
2022-06-28;17.8;
2022-06-29;11.2;
2022-06-30;10.5;
2022-07-01;14.4;
2022-07-02;20.4;
2022-07-03;22.5;
2022-07-04;22.4;
2022-07-05;21.1;
2022-07-06;20.5;
2022-07-07;20.2;
2022-07-08;20.5;
2022-07-09;20.8;
2022-07-10;20.5;
2022-07-11;22;
2022-07-12;13.1;
2022-07-13;11.6;
2022-07-14;16.7;
2022-07-15;21.6;
2022-07-16;19.8;
2022-07-17;8.1;
2022-07-18;10.6;
2022-07-19;15.8;
2022-07-20;18.5;
2022-07-21;20.4;
2022-07-22;21.1;
2022-07-23;21.5;
2022-07-24;21.2;
2022-07-25;20.2;
2022-07-26;20.3;
2022-07-27;19.9;
2022-07-28;20.7;
2022-07-29;10.3;
2022-07-30;10.3;
2022-07-31;13.3;
2022-08-01;16.6;
2022-08-02;20.4;
2022-08-03;21.5;
2022-08-04;18.8;
2022-08-05;13;
2022-08-06;10.6;
2022-08-07;13.4;
2022-08-08;15.1;
2022-08-09;13.7;
2022-08-10;10;
2022-08-11;11.2;
2022-08-12;13.9;
2022-08-13;16.5;
2022-08-14;17.2;
2022-08-15;22.9;
2022-08-16;17.8;
2022-08-17;16.7;
2022-08-18;12.2;
2022-08-19;6.5;
2022-08-20;8.9;
2022-08-21;12.4;
2022-08-22;14.6;
2022-08-23;16.7;
2022-08-24;17.9;
2022-08-25;18.9;
2022-08-26;19.5;
2022-08-27;21.5;
2022-08-28;16.3;
2022-08-29;8.3;
2022-08-30;11.9;
2022-08-31;14.1;
2022-09-01;19.6;
2022-09-02;16.5;
2022-09-03;13.2;
2022-09-04;10;
2022-09-05;13.3;
2022-09-06;14.6;
2022-09-07;15.8;
2022-09-08;21.4;
2022-09-09;24;
2022-09-10;13;
2022-09-11;13.2;
2022-09-12;15.8;
2022-09-13;16.6;
2022-09-14;14.4;
2022-09-15;15.1;
2022-09-16;16.2;
2022-09-17;16.3;
2022-09-18;16.8;
2022-09-19;14.9;
2022-09-20;16.8;
2022-09-21;16.1;
2022-09-22;14.5;
2022-09-23;10.1;
2022-09-24;12.8;
2022-09-25;14.8;
2022-09-26;16.1;
2022-09-27;16.8;
2022-09-28;15.3;
2022-09-29;13.5;
2022-09-30;15.4;
2022-10-01;17.9;
2022-10-02;18.1;
2022-10-03;17.4;
2022-10-04;17.9;
2022-10-05;20.3;
2022-10-06;18.7;
2022-10-07;14.6;
2022-10-08;17;
2022-10-09;16.1;
2022-10-10;12.9;
2022-10-11;15.7;
2022-10-12;14.8;
2022-10-13;18.2;
2022-10-14;18.3;
2022-10-15;19.6;
2022-10-16;19.5;
2022-10-17;19.7;
2022-10-18;17.7;
2022-10-19;20.6;
2022-10-20;17.7;
2022-10-21;17.6;
2022-10-22;18.3;
2022-10-23;20.1;
2022-10-24;20.6;
2022-10-25;22.3;
2022-10-26;24.4;
2022-10-27;19.8;
2022-10-28;22.2;
2022-10-29;19.3;
2022-10-30;18.8;
2022-10-31;15.7;
2022-11-01;10.5;
2022-11-02;12.1;
2022-11-03;15.7;
2022-11-04;17.3;
2022-11-05;null;
2022-11-06;18.1;
2022-11-07;17.4;
2022-11-08;17.8;
2022-11-09;19.1;
2022-11-10;21.6;
2022-11-11;20.1;
2022-11-12;20.5;
2022-11-13;18.8;
2022-11-14;20.7;
2022-11-15;19.2;
2022-11-16;21.3;
2022-11-17;22.2;
2022-11-18;23;
2022-11-19;23.8;
2022-11-20;23.9;
2022-11-21;22.8;
2022-11-22;20.6;
2022-11-23;21;
2022-11-24;22.7;
2022-11-25;23.1;
2022-11-26;23;
2022-11-27;22.9;
2022-11-28;22;
2022-11-29;21.9;
2022-11-30;21.7;
2022-12-01;22.7;
2022-12-02;24.1;
2022-12-03;23.7;
2022-12-04;24.3;
2022-12-05;23.6;
2022-12-06;26.3;
2022-12-07;27.2;
2022-12-08;27.7;
2022-12-09;26.8;
2022-12-10;25.8;
2022-12-11;25.8;
2022-12-12;24.1;
2022-12-13;22.5;
2022-12-14;22.1;
2022-12-15;23.8;
2022-12-16;23.6;
2022-12-17;22.4;
2022-12-18;19.9;
2022-12-19;20.4;
2022-12-20;21.4;
2022-12-21;22.4;
2022-12-22;22.8;
2022-12-23;23.1;
2022-12-24;24;
2022-12-25;23;
2022-12-26;22.9;
2022-12-27;23.1;
2022-12-28;20.7;
2022-12-29;21.9;
2022-12-30;24.2;
2022-12-31;26;
2023-01-01;27.5;
2023-01-02;23.5;
2023-01-03;21.7;
2023-01-04;null;
2023-01-05;22.9;
2023-01-06;22.4;
2023-01-07;21.9;
2023-01-08;22.3;
2023-01-09;23.3;
2023-01-10;23.2;
2023-01-11;23.1;
2023-01-12;24;
2023-01-13;21.1;
2023-01-14;21;
2023-01-15;22.8;
2023-01-16;24.1;
2023-01-17;24;
2023-01-18;23.5;
2023-01-19;23.8;
2023-01-20;25.1;
2023-01-21;24.8;
2023-01-22;23.3;
2023-01-23;23.9;
2023-01-24;24;
2023-01-25;27;
2023-01-26;27.1;
2023-01-27;26.6;
2023-01-28;27;
2023-01-29;24.4;
2023-01-30;23.3;
2023-01-31;23.6;
2023-02-01;25.2;
2023-02-02;25;
2023-02-03;22.3;
2023-02-04;20.6;
2023-02-05;21.6;
2023-02-06;23.4;
2023-02-07;25;
2023-02-08;25.6;
2023-02-09;24.8;
2023-02-10;23.4;
2023-02-11;24.2;
2023-02-12;26.1;
2023-02-13;26.1;
2023-02-14;22.9;
2023-02-15;22.2;
2023-02-16;22.3;
2023-02-17;20;
2023-02-18;15;
2023-02-19;18.4;
2023-02-20;17.3;
2023-02-21;19.9;
2023-02-22;23.5;
2023-02-23;22.6;
2023-02-24;20;
2023-02-25;22.5;
2023-02-26;21.1;
2023-02-27;20.5;
2023-02-28;22.8;
2023-03-01;23.2;
2023-03-02;22.5;
2023-03-03;20.9;
2023-03-04;22.1;
2023-03-05;22;
2023-03-06;21.3;
2023-03-07;22.8;
2023-03-08;22.6;
2023-03-09;21.4;
2023-03-10;23.6;
2023-03-11;24.1;
2023-03-12;null;
2023-03-13;23.7;
2023-03-14;22.7;
2023-03-15;null;
2023-03-16;24.2;
2023-03-17;24.9;
2023-03-18;null;
2023-03-19;24.9;
2023-03-20;25.1;
2023-03-21;25.7;
2023-03-22;25.1;
2023-03-23;24.6;
2023-03-24;24.9;
2023-03-25;23.6;
2023-03-26;21.5;
2023-03-27;20.4;
2023-03-28;23.1;
2023-03-29;23.6;
2023-03-30;20.8;
2023-03-31;22.2;
2023-04-01;21.3;
2023-04-02;18.8;
2023-04-03;21.7;
2023-04-04;23.3;
2023-04-05;21;
2023-04-06;17.2;
2023-04-07;18.4;
2023-04-08;20;
2023-04-09;21.1;
2023-04-10;22.2;
2023-04-11;22.7;
2023-04-12;23.3;
2023-04-13;21.5;
2023-04-14;19.4;
2023-04-15;20.9;
2023-04-16;20;
2023-04-17;19.4;
2023-04-18;18.3;
2023-04-19;14.5;
2023-04-20;12.8;
2023-04-21;15.6;
2023-04-22;17.7;
2023-04-23;18.4;
2023-04-24;19.2;
2023-04-25;18.7;
2023-04-26;17.1;
2023-04-27;16.9;
2023-04-28;17.2;
2023-04-29;18.8;
2023-04-30;19.7;
2023-05-01;21.4;
2023-05-02;21.7;
2023-05-03;null;
2023-05-04;17.7;
2023-05-05;19.6;
2023-05-06;22.3;
2023-05-07;22.1;
2023-05-08;17.4;
2023-05-09;15.5;
2023-05-10;13.8;
2023-05-11;13.2;
2023-05-12;12.6;
2023-05-13;13.1;
2023-05-14;14.1;
2023-05-15;16.6;
2023-05-16;16.2;
2023-05-17;16.8;
2023-05-18;16.4;
2023-05-19;17.2;
2023-05-20;16.2;
2023-05-21;16.6;
2023-05-22;17.8;
2023-05-23;19.9;
2023-05-24;20.3;
2023-05-25;20.1;
2023-05-26;20.8;
2023-05-27;17.8;
2023-05-28;15.7;
2023-05-29;16.4;
2023-05-30;16;
2023-05-31;16.4;
2023-06-01;16.2;
2023-06-02;16.7;
2023-06-03;17.2;
2023-06-04;17.7;
2023-06-05;16.9;
2023-06-06;17.2;
2023-06-07;17.7;
2023-06-08;18.2;
2023-06-09;18.8;
2023-06-10;20.6;
2023-06-11;16.4;
2023-06-12;9.9;
2023-06-13;7.6;
2023-06-14;10.5;
2023-06-15;11.9;
2023-06-16;11.3;
2023-06-17;10.5;
2023-06-18;8.9;
2023-06-19;10.6;
2023-06-20;13.7;
2023-06-21;15.5;
2023-06-22;17.7;
2023-06-23;16;
2023-06-24;19.6;
2023-06-25;20.5;
2023-06-26;19.9;
2023-06-27;18.4;
2023-06-28;18.4;
2023-06-29;15.4;
2023-06-30;16.5;
2023-07-01;17.2;
2023-07-02;17;
2023-07-03;16.6;
2023-07-04;15.7;
2023-07-05;16.8;
2023-07-06;18.2;
2023-07-07;20.3;
2023-07-08;18.4;
2023-07-09;18.5;
2023-07-10;18.1;
2023-07-11;17.5;
2023-07-12;18.7;
2023-07-13;10.4;
2023-07-14;6.8;
2023-07-15;9.9;
2023-07-16;13.4;
2023-07-17;12.5;
2023-07-18;10.7;
2023-07-19;13.3;
2023-07-20;15.6;
2023-07-21;19.1;
2023-07-22;20.5;
2023-07-23;21.1;
2023-07-24;21.1;
2023-07-25;21;
2023-07-26;20.5;
2023-07-27;16.7;
2023-07-28;15.1;
2023-07-29;11;
2023-07-30;14.8;
2023-07-31;17.9;
2023-08-01;19;
2023-08-02;19.8;
2023-08-03;20.2;
2023-08-04;20.5;
2023-08-05;21.6;
2023-08-06;21.7;
2023-08-07;19.4;
2023-08-08;16.3;
2023-08-09;15.1;
2023-08-10;18.3;
2023-08-11;18.7;
2023-08-12;15.7;
2023-08-13;10.5;
2023-08-14;13.9;
2023-08-15;18.1;
2023-08-16;20.7;
2023-08-17;22.4;
2023-08-18;18.4;
2023-08-19;14.2;
2023-08-20;14.9;
2023-08-21;18.3;
2023-08-22;22.5;
2023-08-23;24.8;
2023-08-24;20.7;
2023-08-25;13.1;
2023-08-26;11.6;
2023-08-27;10.7;
2023-08-28;12;
2023-08-29;14.8;
2023-08-30;18;
2023-08-31;19.5;
2023-09-01;18.2;
2023-09-02;16.6;
2023-09-03;23;
2023-09-04;23.1;
2023-09-05;15;
2023-09-06;17;
2023-09-07;19.5;
2023-09-08;17.8;
2023-09-09;17.2;
2023-09-10;20.4;
2023-09-11;24.4;
2023-09-12;24.3;
2023-09-13;19.9;
2023-09-14;11;
2023-09-15;13.4;
2023-09-16;19.5;
2023-09-17;25.4;
2023-09-18;27.1;
2023-09-19;21.1;
2023-09-20;22.5;
2023-09-21;25.5;
2023-09-22;24.4;
2023-09-23;26.1;
2023-09-24;28.2;
2023-09-25;24.6;
2023-09-26;26.3;
2023-09-27;17.1;
2023-09-28;14.9;
2023-09-29;19;
2023-09-30;19.7;
2023-10-01;18.9;
2023-10-02;19.5;
2023-10-03;null;
2023-10-04;19.2;
2023-10-05;17.6;
2023-10-06;19.1;
2023-10-07;18.5;
2023-10-08;16.6;
2023-10-09;18.1;
2023-10-10;21;
2023-10-11;21;
2023-10-12;15.8;
2023-10-13;14.3;
2023-10-14;17.7;
2023-10-15;21.1;
2023-10-16;23.7;
2023-10-17;17.7;
2023-10-18;17.2;
2023-10-19;17.8;
2023-10-20;20.4;
2023-10-21;22.9;
2023-10-22;23.5;
2023-10-23;23.5;
2023-10-24;20.6;
2023-10-25;21.8;
2023-10-26;21.4;
2023-10-27;20;
2023-10-28;17.9;
2023-10-29;21.9;
2023-10-30;20.3;
2023-10-31;19.8;
2023-11-01;23;
2023-11-02;18.7;
2023-11-03;17.6;
2023-11-04;13.1;
2023-11-05;16.9;
2023-11-06;22.2;
2023-11-07;24.7;
2023-11-08;26.8;
2023-11-09;22.1;
2023-11-10;24.5;
2023-11-11;29.3;
2023-11-12;30.1;
2023-11-13;22.8;
2023-11-14;18.4;
2023-11-15;21;
2023-11-16;22.1;
2023-11-17;24.3;
2023-11-18;21.2;
2023-11-19;20;
2023-11-20;22.7;
2023-11-21;24.8;
2023-11-22;23.6;
2023-11-23;21.1;
2023-11-24;null;
2023-11-25;22.1;
2023-11-26;22.9;
2023-11-27;null;
2023-11-28;20.1;
2023-11-29;24.4;
2023-11-30;26.6;
2023-12-01;28.2;
2023-12-02;26.2;
2023-12-03;24.8;
2023-12-04;22.9;
2023-12-05;22.2;
2023-12-06;24.1;
2023-12-07;20.8;
2023-12-08;19.8;
2023-12-09;21.7;
2023-12-10;19.6;
2023-12-11;22.1;
2023-12-12;24.4;
2023-12-13;25.2;
2023-12-14;25.3;
2023-12-15;27.2;
2023-12-16;26.7;
2023-12-17;28.4;
2023-12-18;27.7;
2023-12-19;23.8;
2023-12-20;23.5;
2023-12-21;24.5;
2023-12-22;26.4;
2023-12-23;null;
2023-12-24;23.1;
2023-12-25;21.4;
2023-12-26;22.1;
2023-12-27;null;
2023-12-28;25.7;
2023-12-29;21.4;
2023-12-30;21.5;
2023-12-31;22.6;
2024-01-01;24.6;
2024-01-02;23.1;
2024-01-03;23.8;
2024-01-04;23.7;
2024-01-05;22.9;
2024-01-06;null;
2024-01-07;27.3;
2024-01-08;26.8;
2024-01-09;24.3;
2024-01-10;24.8;
2024-01-11;25.4;
2024-01-12;24.7;
2024-01-13;25.9;
2024-01-14;26.6;
2024-01-15;22.8;
2024-01-16;26;
2024-01-17;21.6;
2024-01-18;23.3;
2024-01-19;24.3;
2024-01-20;24.9;
2024-01-21;23.6;
2024-01-22;22.1;
2024-01-23;20.1;
2024-01-24;19.9;
2024-01-25;19.5;
2024-01-26;19.4;
2024-01-27;18.3;
2024-01-28;20.4;
2024-01-29;22.2;
2024-01-30;24.3;
2024-01-31;25.1;
2024-02-01;null;
2024-02-02;25;
2024-02-03;25.5;
2024-02-04;26;
2024-02-05;25.8;
2024-02-06;26.9;
2024-02-07;null;
2024-02-08;null;
2024-02-09;24.9;
2024-02-10;null;
2024-02-11;null;
2024-02-12;28.5;
2024-02-13;24.9;
2024-02-14;21.1;
2024-02-15;20.5;
2024-02-16;21.7;
2024-02-17;null;
2024-02-18;25.1;
2024-02-19;21.4;
2024-02-20;21.7;
2024-02-21;23.2;
2024-02-22;23.5;
2024-02-23;25.8;
2024-02-24;25.2;
2024-02-25;24.5;
2024-02-26;24.9;
2024-02-27;22.1;
2024-02-28;24.4;
2024-02-29;24;
2024-03-01;24;
2024-03-02;25.2;
2024-03-03;25.5;
2024-03-04;21.9;
2024-03-05;20.6;
2024-03-06;21.5;
2024-03-07;23.3;
2024-03-08;22.5;
2024-03-09;23.2;
2024-03-10;23.8;
2024-03-11;24.1;
2024-03-12;25.4;
2024-03-13;25.8;
2024-03-14;26.7;
2024-03-15;25.5;
2024-03-16;null;
2024-03-17;21.8;
2024-03-18;24.6;
2024-03-19;22.3;
2024-03-20;25.7;
2024-03-21;22.2;
2024-03-22;19.8;
2024-03-23;20.1;
2024-03-24;21;
2024-03-25;21.7;
2024-03-26;22.3;
2024-03-27;23;
2024-03-28;23.7;
2024-03-29;23.1;
2024-03-30;22.9;
2024-03-31;24.6;
2024-04-01;24.2;
2024-04-02;23.9;
2024-04-03;25.5;
2024-04-04;25.1;
2024-04-05;24.5;
2024-04-06;23.6;
2024-04-07;19.1;
2024-04-08;21;
2024-04-09;23;
2024-04-10;23.3;
2024-04-11;22;
2024-04-12;22.9;
2024-04-13;23.6;
2024-04-14;22.1;
2024-04-15;23.1;
2024-04-16;21.8;
2024-04-17;17.2;
2024-04-18;16.7;
2024-04-19;17;
2024-04-20;18.7;
2024-04-21;21;
2024-04-22;20.3;
2024-04-23;19.6;
2024-04-24;20.3;
2024-04-25;22;
2024-04-26;23.9;
2024-04-27;25.1;
2024-04-28;23.1;
2024-04-29;24.6;
2024-04-30;26.3;
2024-05-01;25.9;
2024-05-02;22.4;
2024-05-03;18.7;
2024-05-04;20.3;
2024-05-05;23.6;
2024-05-06;24;
2024-05-07;24.2;
2024-05-08;24.6;
2024-05-09;17.9;
2024-05-10;21.9;
2024-05-11;23.4;
2024-05-12;23.3;
2024-05-13;17;
2024-05-14;12.6;
2024-05-15;10.8;
2024-05-16;17.6;
2024-05-17;15.6;
2024-05-18;13.8;
2024-05-19;11.6;
2024-05-20;11.8;
2024-05-21;17.7;
2024-05-22;23.5;
2024-05-23;21.8;
2024-05-24;15.7;
2024-05-25;8.4;
2024-05-26;9.8;
2024-05-27;11.6;
2024-05-28;7.8;
2024-05-29;9.9;
2024-05-30;10.9;
2024-05-31;12.3;
2024-06-01;14.6;
2024-06-02;18.8;
2024-06-03;18.5;
2024-06-04;15.4;
2024-06-05;19.7;
2024-06-06;20.3;
2024-06-07;19.7;
2024-06-08;19.9;
2024-06-09;21.5;
2024-06-10;22.2;
2024-06-11;22.6;
2024-06-12;21.3;
2024-06-13;21.2;
2024-06-14;23;
2024-06-15;21.3;
2024-06-16;19.9;
2024-06-17;17.1;
2024-06-18;18.6;
2024-06-19;20.9;
2024-06-20;16.7;
2024-06-21;18.8;
2024-06-22;21.8;
2024-06-23;22.1;
2024-06-24;18.2;
2024-06-25;11.3;
2024-06-26;12.8;
2024-06-27;11.1;
2024-06-28;14.1;
2024-06-29;8.7;
2024-06-30;5.9;
2024-07-01;9.7;
2024-07-02;14.6;
2024-07-03;19.9;
2024-07-04;20.6;
2024-07-05;17.4;
2024-07-06;9.8;
2024-07-07;11.6;
2024-07-08;9.4;
2024-07-09;8.8;
2024-07-10;7.1;
2024-07-11;7.5;
2024-07-12;7.2;
2024-07-13;8.5;
2024-07-14;10.5;
2024-07-15;12.5;
2024-07-16;14.5;
2024-07-17;15.6;
2024-07-18;16.9;
2024-07-19;17.7;
2024-07-20;17.2;
2024-07-21;17.9;
2024-07-22;17.8;
2024-07-23;17.9;
2024-07-24;19.3;
2024-07-25;20.5;
2024-07-26;21.1;
2024-07-27;18.5;
2024-07-28;16;
2024-07-29;14.2;
2024-07-30;13.3;
2024-07-31;15.5;
2024-08-01;19.1;
2024-08-02;21.2;
2024-08-03;22;
2024-08-04;21.1;
2024-08-05;19.3;
2024-08-06;22.7;
2024-08-07;18.3;
2024-08-08;13.8;
2024-08-09;6.6;
2024-08-10;8;
2024-08-11;8.9;
2024-08-12;8.1;
2024-08-13;8.3;
2024-08-14;13.6;
2024-08-15;19.1;
2024-08-16;23;
2024-08-17;25;
2024-08-18;25.5;
2024-08-19;26.1;
2024-08-20;25.1;
2024-08-21;23.5;
2024-08-22;21.3;
2024-08-23;12.2;
2024-08-24;10.3;
2024-08-25;6.7;
2024-08-26;8.4;
2024-08-27;12;
2024-08-28;16.1;
2024-08-29;21.1;
2024-08-30;23.5;
2024-08-31;24;
2024-09-01;15.9;
2024-09-02;13.5;
2024-09-03;22.2;
2024-09-04;21.4;
2024-09-05;13.7;
2024-09-06;16.2;
2024-09-07;23.4;
2024-09-08;27.2;
2024-09-09;27.8;

